"First Name";"Contact Id";"Last Name";"Mobile";"Lead Source";"Department"
"Mary";"CON1";"Smith";;"Trade Show";"woanders01"
"Patricia";"CON2";"Johnson";"(092) 223-5945";"Public Relations";"woanders02"
"Linda";"CON3";"Williams";"(105) 252-3316";"Employee";"woanders03"
"Barbara";"CON4";"Jones";"(882) 828-0165";"Other";"woanders04"
"Elizabeth";"CON5";"Brown";"(633) 076-5365";"Trade Show";"woanders05"
"Jennifer";"CON6";"Davis";"(690) 300-7311";"Existing Customer";"woanders06"
"Maria";"CON7";"Miller";"(903) 226-7361";"Other";"woanders07"
"Susan";"CON8";"Wilson";"(738) 571-9515";"Word of mouth";"woanders08"
"Margaret";"CON9";"Moore";"(201) 799-4322";"Employee";"woanders09"
"Dorothy";"CON10";"Taylor";"(348) 842-2559";"Direct Mail";"woanders10"
;"CON11";"sd";;"--None--";"woanders11"
"marco";"CON12";"deluca";;"--None--";"woanders12"
;"CON13";"iLabs Demos";;;"woanders13"
